<?xml version="1.0"?>

<model-hints>
	<model name="com.wkp.aaa.model.Customer">
		<field name="uuid" type="String" />
		<field name="customerId" type="long" />
		<field name="groupId" type="long" />
		<field name="companyId" type="long" />
		<field name="userId" type="long" />
		<field name="userName" type="String" />
		<field name="createDate" type="Date" />
		<field name="modifiedDate" type="Date" />
		<field name="customerName" type="String" />
		<field name="customerEmail" type="String" />
		<field name="customerContact" type="String" />
		<field name="customerAddress" type="String" />
		<field name="customerNric" type="String" />
		<field name="customerPayment" type="String" />
		<field name="servicesId" type="long" />
	</model>
	<model name="com.wkp.aaa.model.Services">
		<field name="uuid" type="String" />
		<field name="servicesId" type="long" />
		<field name="groupId" type="long" />
		<field name="companyId" type="long" />
		<field name="userId" type="long" />
		<field name="userName" type="String" />
		<field name="createDate" type="Date" />
		<field name="modifiedDate" type="Date" />
		<field name="servicesName" type="String" />
		<field name="servicesPrice" type="String" />
		<field name="servicesDesc" type="String" />
	</model>
</model-hints>